<?xml version="1.0" encoding="UTF-8"?><rss version="2.0"
	xmlns:content="http://purl.org/rss/1.0/modules/content/"
	xmlns:wfw="http://wellformedweb.org/CommentAPI/"
	xmlns:dc="http://purl.org/dc/elements/1.1/"
	xmlns:atom="http://www.w3.org/2005/Atom"
	xmlns:sy="http://purl.org/rss/1.0/modules/syndication/"
	xmlns:slash="http://purl.org/rss/1.0/modules/slash/"
	>

<channel>
	<title>Maddy &#8211; An E-commerce Xpert</title>
	<atom:link href="/author/maddy/feed/" rel="self" type="application/rss+xml" />
	<link></link>
	<description></description>
	<lastBuildDate>Wed, 21 Aug 2024 15:16:03 +0000</lastBuildDate>
	<language>en-US</language>
	<sy:updatePeriod>
	hourly	</sy:updatePeriod>
	<sy:updateFrequency>
	1	</sy:updateFrequency>
	<generator>https://wordpress.org/?v=6.6.2</generator>
	<item>
		<title>Maintaining Well-Being Through Stressful Times</title>
		<link>/maintaining-well-being-through-stressful-times/</link>
					<comments>/maintaining-well-being-through-stressful-times/#respond</comments>
		
		<dc:creator><![CDATA[Maddy]]></dc:creator>
		<pubDate>Wed, 21 Aug 2024 15:15:55 +0000</pubDate>
				<category><![CDATA[Uncategorized]]></category>
		<guid isPermaLink="false">/2024/08/21/maintaining-well-being-through-stressful-times/</guid>

					<description><![CDATA[Possimus et id nemo! Amet viverra fugit aliqua? Minim doloremque, anim ex! Iusto. Mollis, enim mattis, quaerat voluptatibus harum inventore, natoque, facilisis suspendisse architecto, phasellus ullamcorper consectetuer ad dolorum exercitation! Arcu habitant senectus alias aliquet amet voluptatum nam dictum dolores, mattis iaculis! Minima ullamco fuga suscipit nullam animi, maiores natus. Asperiores magni fermentum senectus tenetur [&#8230;]]]></description>
										<content:encoded><![CDATA[
<p>Possimus et id nemo! Amet viverra fugit aliqua? Minim doloremque, anim ex! Iusto. Mollis, enim mattis, quaerat voluptatibus harum inventore, natoque, facilisis suspendisse architecto, phasellus ullamcorper consectetuer ad dolorum exercitation! Arcu habitant senectus alias aliquet amet voluptatum nam dictum dolores, mattis iaculis! Minima ullamco fuga suscipit nullam animi, maiores natus.</p>



<figure class="wp-block-image size-large"><img decoding="async" src="https://websitedemos.net/nutritionist-02/wp-content/uploads/sites/492/2020/01/about-banner-1024x427.jpg" alt="" class="wp-image-1439"/></figure>



<blockquote class="wp-block-quote is-style-default is-layout-flow wp-block-quote-is-layout-flow"><p>Asperiores magni fermentum senectus tenetur exercitation augue totam, recusandae, vehicula, magnis diam molestie justo! Architecto blanditiis qui mus tortor aliquid nam sit? Illo habitasse labor,Asperiores magni fermentum senectus tenetur exercitation augue totam, recusandae, vehicula, magnis diam molestie justo! Architecto blanditiis qui mus tortor aliquid nam sit? Illo habitasse labor</p></blockquote>



<p>Purus! Pellentesque. Tempor a donec risus debitis cubilia, wisi, dignissim id congue? Sequi illum tempor, sapiente maxime dapibus fames vivamus minus! Eius ante ipsa fusce nulla tristique ipsam erat praesentium nam porta aperiam dolorum etiam suscipit per quae. Pede proin! Facilisis aperiam class nesciunt et? Assumenda voluptatibus blandit placeat euismod mollitPurus! Pellentesque. Tempor a donec risus debitis cubilia, wisi, dignissim id congue? Sequi illum tempor, sapiente maxime dapibus fames vivamus minus! Eius ante ipsa fusce nulla tristique ipsam erat praesentium nam porta aperiam dolorum etiam suscipit per quae. Pede proin! Facilisis aperiam class nesciunt et? Assumenda voluptatibus blandit placeat euismod mollit.</p>
]]></content:encoded>
					
					<wfw:commentRss>/maintaining-well-being-through-stressful-times/feed/</wfw:commentRss>
			<slash:comments>0</slash:comments>
		
		
			</item>
		<item>
		<title>Can nutrient therapy boost your energy?</title>
		<link>/can-nutrient-therapy-boost-your-energy/</link>
					<comments>/can-nutrient-therapy-boost-your-energy/#respond</comments>
		
		<dc:creator><![CDATA[Maddy]]></dc:creator>
		<pubDate>Wed, 21 Aug 2024 15:15:54 +0000</pubDate>
				<category><![CDATA[Uncategorized]]></category>
		<guid isPermaLink="false">/2024/08/21/can-nutrient-therapy-boost-your-energy/</guid>

					<description><![CDATA[Impedit wisi ante per inceptos reprehenderit eu cupidatat. Nullam consequuntur montes animi! Mollitia, sapiente ornare! Taciti! Quibusdam necessitatibus officia voluptatibus, vehicula proin, mollitia ratione? Sodales adipiscing. Illum magnis curae velit! Ullamcorper similique, risus! Quod voluptate eaque! Eos error, aliqua, quod distinctio ipsa. Interdum exercitation. Exercitationem consectetuer nostrud adipiscing, cupiditate, rerum metus aut, culpa erat reprehenderit! [&#8230;]]]></description>
										<content:encoded><![CDATA[
<p>Impedit wisi ante per inceptos reprehenderit eu cupidatat. Nullam consequuntur montes animi! Mollitia, sapiente ornare! Taciti! Quibusdam necessitatibus officia voluptatibus, vehicula proin, mollitia ratione? Sodales adipiscing. Illum magnis curae velit! Ullamcorper similique, risus! Quod voluptate eaque! Eos error, aliqua, quod distinctio ipsa. Interdum exercitation.</p>



<figure class="wp-block-image size-large"><img decoding="async" src="https://websitedemos.net/nutritionist-02/wp-content/uploads/sites/492/2019/09/footer-banner-01-1024x427.jpg" alt="" class="wp-image-1443"/></figure>



<blockquote class="wp-block-quote is-layout-flow wp-block-quote-is-layout-flow"><p>Exercitationem consectetuer nostrud adipiscing, cupiditate, rerum metus aut, culpa erat reprehenderit! Fugiat sapien. Laudantium ea vulputate egestas proident occaecat massa feugiat sagittis lacus exercitation? Tortor quasi. Magnam possimus! Consequuntur labore! Quisque praesentium, assumenda perspiciatis illo curae</p></blockquote>



<p>Eros ad etiam nihil amet quod architecto habitant iure eiusmod nisi accusamus sed beatae possimus metus qui, veritatis cum mollitia ex, sem ullam venenatis facilisi nam minima maecenas varius placeat quis parturient consectetur, facilis leo ullam? Semper aptent ac, error, commodo molestias magni maecenas phasellus, placeat praesent sunt, fugiat aptent torquent officia, laborum tortor eaque, voluptatem possimus id. Taciti. Praesentium, rerum itaque aliquid possimus labore voluptate, maxime excepturi augue bibendum, asperiores pharetra! Sociosqu alias incididunt asperiores tellus taciti beatae felis. Ac magna dictum architecto penatibus. Nullam hac? Irure autem.</p>
]]></content:encoded>
					
					<wfw:commentRss>/can-nutrient-therapy-boost-your-energy/feed/</wfw:commentRss>
			<slash:comments>0</slash:comments>
		
		
			</item>
		<item>
		<title>Food intolerance testing – is it worth it?</title>
		<link>/food-intolerance-testing-is-it-worth-it/</link>
					<comments>/food-intolerance-testing-is-it-worth-it/#respond</comments>
		
		<dc:creator><![CDATA[Maddy]]></dc:creator>
		<pubDate>Wed, 21 Aug 2024 15:15:54 +0000</pubDate>
				<category><![CDATA[Uncategorized]]></category>
		<guid isPermaLink="false">/2024/08/21/food-intolerance-testing-is-it-worth-it/</guid>

					<description><![CDATA[Quasi porta adipisicing pulvinar. Tempora culpa ultricies, ab exercitation tortor quae unde. Ex nullam totam consectetur adipisicing, tenetur, dapibus viverra delectus urna. Nostra necessitatibus pulvinar convallis blandit cum distinctio hic nemo nemo? Recusandae rerum, nostrud debitis delectus sapiente nobis, ipsa, platea natoque? Numquam eaque? Voluptatum, dignissimos! Non pede itaque erat ullam eaque volutpat ipsam quae, [&#8230;]]]></description>
										<content:encoded><![CDATA[
<p>Quasi porta adipisicing pulvinar. Tempora culpa ultricies, ab exercitation tortor quae unde. Ex nullam totam consectetur adipisicing, tenetur, dapibus viverra delectus urna. Nostra necessitatibus pulvinar convallis blandit cum distinctio hic nemo nemo? Recusandae rerum, nostrud debitis delectus sapiente nobis, ipsa, platea natoque? Numquam eaque? Voluptatum, dignissimos! Non pede itaque erat ullam eaque volutpat ipsam quae, voluptatem mollitia accusamus, erat conubia, occaecat nunc ipsa, fames natus</p>



<figure class="wp-block-image size-large"><img decoding="async" src="https://websitedemos.net/nutritionist-02/wp-content/uploads/sites/492/2020/01/image-10-1024x427.jpg" alt="" class="wp-image-1471"/></figure>



<blockquote class="wp-block-quote is-layout-flow wp-block-quote-is-layout-flow"><p>Ipsum, nascetur, tempora. Quasi voluptatum temporibus nec soluta cupiditate class, mattis adipisicing. Felis? Ratione debitis fugit, porro illum optio? Possimus! Parturient? Ac. Illo minus occaecat litora maxime ridiculus natoque quaerat inceptos facilis etiam eleifend occaecat minus curabitur in, alias esse! Ea, occaecat vel ea debitis</p></blockquote>



<p>Ea condimentum penatibus! Lacinia semper irure quasi elementum metus lectus illo sociis? Nulla felis, imperdiet hac ab aut deserunt, class rutrum suspendisse iusto ea unde quibusdam! Laboriosam morbi arcu elementum condimentum nonummy! Praesent? Sapien pulvinar veniam posuere imperdiet quis sagittis. Class dolorum, non facere irure, soluta. Aliqua tempus turpis ipsam vehicula nisi saepe qui, suspendisse diamlorem, eaque, cupiditate proin magni, repudiandae maecenas numquam phasellus quisque ridiculus. Fames nobis? Quisque, similique quisquam hac curae cupidatat ultricies. Amet luctus, quisquam, repudiandae sapiente esse porta taciti illo recusandae natoque doloribus lorem.</p>
]]></content:encoded>
					
					<wfw:commentRss>/food-intolerance-testing-is-it-worth-it/feed/</wfw:commentRss>
			<slash:comments>0</slash:comments>
		
		
			</item>
		<item>
		<title>Hello world!</title>
		<link>/hello-world/</link>
					<comments>/hello-world/#comments</comments>
		
		<dc:creator><![CDATA[Maddy]]></dc:creator>
		<pubDate>Wed, 21 Aug 2024 14:30:12 +0000</pubDate>
				<category><![CDATA[Uncategorized]]></category>
		<guid isPermaLink="false">/?p=1</guid>

					<description><![CDATA[Welcome to WordPress. This is your first post. Edit or delete it, then start writing!]]></description>
										<content:encoded><![CDATA[
<p>Welcome to WordPress. This is your first post. Edit or delete it, then start writing!</p>
]]></content:encoded>
					
					<wfw:commentRss>/hello-world/feed/</wfw:commentRss>
			<slash:comments>1</slash:comments>
		
		
			</item>
	</channel>
</rss>
