<?xml version="1.0" encoding="UTF-8"?><rss version="2.0"
	xmlns:content="http://purl.org/rss/1.0/modules/content/"
	xmlns:dc="http://purl.org/dc/elements/1.1/"
	xmlns:atom="http://www.w3.org/2005/Atom"
	xmlns:sy="http://purl.org/rss/1.0/modules/syndication/"
	
	>
<channel>
	<title>
	Comments on: Can nutrient therapy boost your energy?	</title>
	<atom:link href="/can-nutrient-therapy-boost-your-energy/feed/" rel="self" type="application/rss+xml" />
	<link>/can-nutrient-therapy-boost-your-energy/</link>
	<description></description>
	<lastBuildDate>Wed, 21 Aug 2024 15:16:03 +0000</lastBuildDate>
	<sy:updatePeriod>
	hourly	</sy:updatePeriod>
	<sy:updateFrequency>
	1	</sy:updateFrequency>
	<generator>https://wordpress.org/?v=6.6.2</generator>
</channel>
</rss>
